{
    "norm_y_mean": 5.79384684128215,
    "norm_y_std": 1.33808027428196
}
